"tract","Name","Household_Income_rP_gP_pall"
47037018601,"Nashville, TN",78550
47037018500,"Belle Meade Links, Nashville, TN",76949
47187050305,"Brentwood, TN",72600
47187050404,"Franklin, TN",72037
47187050203,"Brentwood, TN",71171
47037018700,"Nashville, TN",70928
47187050207,"Brentwood, TN",70725
47037017901,"Green Hills, Nashville, TN",69744
47187050303,"Brentwood, TN",69710
47037018602,"Otter Creek, Forest Hills, TN",68533
47187050405,"Franklin, TN",68144
47037017902,"Green Hills, Nashville, TN",67405
47037018000,"Green Hills, Nashville, TN",66853
47037017701,"Nashville, TN",64758
47037018407,"Bellevue, Nashville, TN",64367
47187050206,"Brentwood, TN",64187
47037018201,"Nashville, TN",63648
47187050403,"Franklin, TN",63555
47187050304,"Brentwood, TN",62881
47187050406,"Franklin, TN",62854
47037017702,"Green Hills, Nashville, TN",62219
47037018804,"Brownstone, Brentwood, TN",61987
47187050208,"Franklin, TN",61181
47037018801,"Crieve Hall, Nashville, TN",61005
47187050204,"Brentwood, TN",60943
47165021201,"Hendersonville, TN",60925
47165021007,"Hendersonville, TN",60784
47187050205,"Brentwood, TN",60666
47037018803,"Seven Springs, Brentwood, TN",59501
47037016700,"Green Hills, Nashville, TN",59168
47037018102,"Hillwood, Nashville, TN",58744
47037018408,"Bellevue, Nashville, TN",58681
47165021008,"Hendersonville, TN",58498
47187050702,"Franklin, TN",58065
47037016500,"Midtown, Nashville, TN",57301
47165020501,"Gallatin, TN",55911
47037018405,"Bellevue, Nashville, TN",55677
47189030303,"Mount Juliet, TN",55492
47165021006,"Hendersonville, TN",55296
47187050102,"Nolensville, TN",54928
47037016800,"Hillsboro West End, Nashville, TN",54396
47037018409,"Bellevue, Nashville, TN",54340
47187050306,"Brentwood, TN",53771
47165021005,"Goodlettsville, TN",52900
47165021205,"Hendersonville, TN",52413
47189030202,"Lebanon, TN",52374
47037010202,"Goodlettsville, TN",52348
47037018203,"West Meade, Nashville, TN",52231
47165021203,"Gallatin, TN",52148
47189030305,"Green Hill, TN",51684
47187050701,"Franklin, TN",51380
47037019114,"Antioch, Nashville, TN",51190
47037018202,"Bellevue, Nashville, TN",50928
47187050101,"Brentwood, TN",50639
47189030307,"Mount Juliet, TN",50367
47037015619,"Antioch, Nashville, TN",50196
47189030308,"Mount Juliet, TN",50190
47189030309,"Mount Juliet, TN",50144
47037018902,"Binkley, Nashville, TN",49724
47037016400,"Midtown, Nashville, TN",49721
47165020903,"Gallatin, TN",49567
47187050307,"Brentwood, TN",49450
47037015401,"Hermitage, Nashville, TN",49266
47037019115,"Holt Woods, Nashville, TN",49021
47037018302,"Bellevue, Nashville, TN",48965
47189030204,"Lebanon, TN",48856
47165021002,"Hendersonville, TN",48766
47037019116,"The Woodlands, Nashville, TN",48632
47037010103,"Joelton, Nashville, TN",48539
47165020603,"Gallatin, TN",48516
47037019106,"Nashville, TN",48439
47165020406,"White House, TN",48347
47037017800,"Green Hills, Nashville, TN",48261
47189030901,"Mount Juliet, TN",48233
47165021204,"Hendersonville, TN",48179
47037016600,"Nashville, TN",47895
47037015610,"Hermitage, Nashville, TN",47697
47189030401,"Lebanon, TN",47611
47037018404,"Bellevue, Nashville, TN",47602
47043060401,"Burns, TN",47365
47189030203,"Mount Juliet, TN",47242
47189030101,"Lebanon, TN",47166
47165020601,"Gallatin, TN",46864
47037016900,"Belmont/Hillsboro, Nashville, TN",46795
47165021107,"Hendersonville, TN",46767
47147080604,"Greenbrier, TN",46319
47037019117,"Antioch, Nashville, TN",46181
47165021009,"Hendersonville, TN",45825
47149040306,"Smyrna, TN",45753
47043060501,"Dickson, TN",45728
47037018410,"Bellevue, Nashville, TN",45616
47165020502,"Gallatin, TN",45551
47037015617,"Priest Lake Park, Nashville, TN",45503
47147080606,"Ridgetop, TN",45419
47037015300,"Donelson, Nashville, TN",45275
47037018401,"Bellevue, Nashville, TN",45180
47189030304,"Mount Juliet, TN",45061
47189030903,"Mount Juliet, TN",44710
47149040307,"Smyrna, TN",44686
47187050601,"Franklin, TN",44652
47149042200,"Smyrna, TN",44526
47149040501,"Murfreesboro, TN",44516
47037018301,"Bellevue, Nashville, TN",44488
47149040502,"Lascassas, TN",44275
47043060502,"Dickson, TN",44231
47125101802,"Clarksville, TN",44230
47021070201,"Pleasant View, TN",44225
47037018901,"Caldwall, Nashville, TN",44175
47037010301,"Goodlettsville, TN",44122
47147080700,"Cedar Hill, TN",43952
47021070402,"Kingston Springs, TN",43914
47165021106,"Hendersonville, TN",43868
47165021103,"Hendersonville, TN",43656
47189030904,"Lebanon, TN",43084
47165020503,"Gallatin, TN",42713
47037015622,"Hermitage, Nashville, TN",42621
47149040304,"Smyrna, TN",42616
47187050502,"Franklin, TN",42552
47037015200,"Donelson, Nashville, TN",42500
47147080603,"Greenbrier, TN",42294
47037010303,"Terra View, Goodlettsville, TN",42097
47165021104,"Hendersonville, TN",42037
47149041000,"Murfreesboro, TN",42025
47021070102,"Ashland City, TN",41959
47149040308,"Smyrna, TN",41875
47149040805,"La Vergne, TN",41829
47037019500,"Downtown, Nashville, TN",41795
47043060402,"Burns, TN",41742
47037015630,"Antioch, Nashville, TN",41736
47149040403,"Smyrna, TN",41718
47037013400,"Sylvan Park, Nashville, TN",41655
47021070103,"Cheatham County, TN",41605
47037019105,"McMurray, Nashville, TN",41521
47037015625,"Hermitage, Nashville, TN",41497
47037015609,"Hermitage, Nashville, TN",41398
47037015624,"Hermitage, Nashville, TN",41365
47165020407,"White House, TN",41350
47015960100,"Woodbury, TN",41338
47037015614,"Antioch, Nashville, TN",41159
47037015501,"Hermitage, Nashville, TN",41145
47037015402,"Hermitage, Nashville, TN",41098
47037015618,"Antioch, Nashville, TN",41065
47189030102,"Lebanon, TN",40767
47037015404,"Hermitage, Nashville, TN",40668
47043060300,"White Bluff, TN",40611
47037015405,"Hermitage, Nashville, TN",40476
47189030800,"Lebanon, TN",40468
47043060100,"Cumberland Furnace, TN",40412
47165020602,"Bethpage, TN",40224
47187050503,"Fairview, TN",40174
47037010201,"Nashville, TN",40160
47187050504,"Fairview, TN",40058
47037010302,"Goodlettsville Heights, Goodlettsville, TN",39959
47165021105,"Hendersonville, TN",39886
47021070202,"Ashland City, TN",39735
47021070203,"Chapmansboro, TN",39510
47037019110,"Hickory Valley, Nashville, TN",39507
47037010601,"Madison, Nashville, TN",39425
47037010104,"Joelton, Nashville, TN",39411
47037015623,"Hermitage, Nashville, TN",39309
47149040200,"La Vergne, TN",39250
47037019111,"Antioch, Nashville, TN",39218
47037010802,"Madison, Nashville, TN",39214
47149040102,"La Vergne, TN",39211
47189030600,"Lebanon, TN",38796
47037018904,"Nashville, TN",38622
47165020901,"Gallatin, TN",38546
47189031000,"Watertown, TN",38535
47021070300,"Ashland City, TN",38535
47037019109,"Antioch, Nashville, TN",38444
47169090100,"Hartsville, TN",38323
47149040303,"Smyrna, TN",38287
47149040101,"La Vergne, TN",38284
47037018905,"McMurray, Nashville, TN",38240
47037015631,"Antioch, Nashville, TN",38216
47037015620,"Antioch, Nashville, TN",37820
47169090200,"Hartsville, TN",37672
47037010801,"Madison, Nashville, TN",37607
47037010502,"Nashville, TN",37541
47043060200,"Charlotte, TN",37409
47037015629,"Antioch, Nashville, TN",37378
47125101700,"Cunningham, TN",37366
47037011100,"East Nashville, Nashville, TN",37273
47037013201,"Charlotte Park, Nashville, TN",37080
47165020700,"Gallatin, TN",37040
47037019112,"Antioch, Nashville, TN",37006
47037015612,"Nashboro Village, Nashville, TN",36795
47037015626,"Antioch, Nashville, TN",36790
47037015900,"South Nashville, Nashville, TN",36726
47037015502,"Donelson, Nashville, TN",36550
47165020902,"Gallatin, TN",36525
47043060602,"Dickson, TN",36359
47021070401,"Kingston Springs, TN",36150
47021070104,"Ashland City, TN",36113
47149040305,"Smyrna, TN",35993
47037015700,"Nashville, TN",35923
47165021004,"Goodlettsville, TN",35657
47037010901,"Bellshire Terrace, Nashville, TN",35263
47037010501,"Nashville, TN",34942
47037011500,"East Nashville, Nashville, TN",34905
47037013100,"Scottsboro, Nashville, TN",34840
47149042300,"Murfreesboro, TN",34803
47081950200,"Lyles, TN",34752
47037017402,"Glencliff, Nashville, TN",34734
47037019118,"Antioch, Nashville, TN",34684
47037010602,"Madison, Nashville, TN",34637
47037015627,"Antioch, Nashville, TN",34497
47037019004,"Beverly Heights, Nashville, TN",34497
47189030500,"Lebanon, TN",34224
47037010401,"Madison, Nashville, TN",34042
47149040105,"La Vergne, TN",33822
47037015613,"Antioch, Nashville, TN",33681
47037019003,"Hillbrook, Nashville, TN",33422
47037017500,"Radnor, Nashville, TN",33382
47037019006,"Windsor Park, Nashville, TN",33377
47037011600,"East Nashville, Nashville, TN",33254
47037019108,"Antioch, Nashville, TN",33234
47037015615,"Antioch, Nashville, TN",33157
47037012100,"East Nashville, Nashville, TN",32875
47037015100,"Donelson, Nashville, TN",32857
47189030402,"Lebanon, TN",32713
47037015802,"Glengarry, Nashville, TN",32667
47037018101,"Whitebridge, Nashville, TN",32641
47037010701,"Madison, Nashville, TN",32596
47037010105,"Marrowbone, Nashville, TN",31824
47037017200,"Corinne Place, Nashville, TN",31787
47037017401,"South Nashville, Nashville, TN",31627
47037011002,"Maplewood Heights, Nashville, TN",31312
47037019600,"Nashville, TN",31300
47149040104,"La Vergne, TN",31188
47149040103,"La Vergne, TN",30962
47037019005,"Barcelona Condos, Nashville, TN",30903
47037011200,"East Nashville, Nashville, TN",29886
47037017300,"South Nashville, Nashville, TN",29642
47037017000,"12 South, Nashville, TN",29283
47037010702,"Madison, Nashville, TN",28980
47037013202,"Urbandale Nations, Nashville, TN",28622
47037015803,"Nashville, TN",28071
47037012801,"Haynes Park, Nashville, TN",27924
47037015628,"Antioch, Nashville, TN",27699
47037011001,"Talbot's Corner, Nashville, TN",26998
47037010402,"Madison, Nashville, TN",26812
47037013300,"Urbandale Nations, Nashville, TN",26757
47037015804,"Nashville, TN",26567
47037012701,"Talbot's Corner, Nashville, TN",26242
47037012702,"Haynes Area, Nashville, TN",26093
47037010904,"Parkwood Estates, Nashville, TN",26037
47037016100,"Wedgewood-Houston, Nashville, TN",25881
47037010903,"Village By The Creek, Nashville, TN",25851
47165020800,"Gallatin, TN",25797
47037017100,"Melrose, Nashville, TN",25030
47037011700,"East Nashville, Nashville, TN",24631
47037010106,"Whites Creek, Nashville, TN",24279
47037019200,"East Nashville, Nashville, TN",24266
47189030700,"Lebanon, TN",24093
47037016300,"Edgehill, Nashville, TN",23889
47037011400,"East Nashville, Nashville, TN",22968
47037012802,"Bordeaux Area, Nashville, TN",22827
47037012200,"East Nashville, Nashville, TN",22707
47037014200,"FANG, Nashville, TN",22684
47037016200,"Edgehill, Nashville, TN",21965
47037011300,"East Nashville, Nashville, TN",21363
47037016000,"South Nashville, Nashville, TN",21140
47037013500,"Sylvan Heights, Nashville, TN",21083
47037013800,"North Nashville, Nashville, TN",20811
47037011900,"East Nashville, Nashville, TN",20782
47037012600,"East Nashville, Nashville, TN",19506
47037013601,"College Heights/Clifton, Nashville, TN",19388
47037014300,"Hadley/Washington, Nashville, TN",19064
47037013700,"Buena Vista Heights, Nashville, TN",18797
47037013900,"Elizabeth Park, Nashville, TN",18711
47037011800,"East Nashville, Nashville, TN",18152
47037014400,"Watkins Park, Nashville, TN",17224
47037019400,"Germantown, Nashville, TN",16947
47037019300,"East Nashville, Nashville, TN",16161
47037013602,"Nashville, TN",16065
47037014800,"South Nashville, Nashville, TN",14533
47037980100,"Nashville, TN",
47037013000,"Nashville, TN",
47037980200,"Nashville, TN",